date,inflation
2019-01-01,0.02
2019-01-02,0.02
2019-01-03,0.02
2019-01-04,0.02
2019-01-05,0.02
2019-01-06,0.02
2019-01-07,0.02
2019-01-08,0.02
2019-01-09,0.02
2019-01-10,0.02
2019-01-11,0.02
2019-01-12,0.02
2019-01-13,0.02
2019-01-14,0.02
2019-01-15,0.02
2019-01-16,0.02
2019-01-17,0.02
2019-01-18,0.02
2019-01-19,0.02
2019-01-20,0.02
2019-01-21,0.02
2019-01-22,0.02
2019-01-23,0.02
2019-01-24,0.02
2019-01-25,0.02
2019-01-26,0.02
2019-01-27,0.02
2019-01-28,0.02
2019-01-29,0.02
2019-01-30,0.02
2019-01-31,0.02
2019-02-01,0.026
2019-02-02,0.026
2019-02-03,0.026
2019-02-04,0.026
2019-02-05,0.026
2019-02-06,0.026
2019-02-07,0.026
2019-02-08,0.026
2019-02-09,0.026
2019-02-10,0.026
2019-02-11,0.026
2019-02-12,0.026
2019-02-13,0.026
2019-02-14,0.026
2019-02-15,0.026
2019-02-16,0.026
2019-02-17,0.026
2019-02-18,0.026
2019-02-19,0.026
2019-02-20,0.026
2019-02-21,0.026
2019-02-22,0.026
2019-02-23,0.026
2019-02-24,0.026
2019-02-25,0.026
2019-02-26,0.026
2019-02-27,0.026
2019-02-28,0.026
2019-03-01,0.029
2019-03-02,0.029
2019-03-03,0.029
2019-03-04,0.029
2019-03-05,0.029
2019-03-06,0.029
2019-03-07,0.029
2019-03-08,0.029
2019-03-09,0.029
2019-03-10,0.029
2019-03-11,0.029
2019-03-12,0.029
2019-03-13,0.029
2019-03-14,0.029
2019-03-15,0.029
2019-03-16,0.029
2019-03-17,0.029
2019-03-18,0.029
2019-03-19,0.029
2019-03-20,0.029
2019-03-21,0.029
2019-03-22,0.029
2019-03-23,0.029
2019-03-24,0.029
2019-03-25,0.029
2019-03-26,0.029
2019-03-27,0.029
2019-03-28,0.029
2019-03-29,0.029
2019-03-30,0.029
2019-03-31,0.029
2019-04-01,0.03
2019-04-02,0.03
2019-04-03,0.03
2019-04-04,0.03
2019-04-05,0.03
2019-04-06,0.03
2019-04-07,0.03
2019-04-08,0.03
2019-04-09,0.03
2019-04-10,0.03
2019-04-11,0.03
2019-04-12,0.03
2019-04-13,0.03
2019-04-14,0.03
2019-04-15,0.03
2019-04-16,0.03
2019-04-17,0.03
2019-04-18,0.03
2019-04-19,0.03
2019-04-20,0.03
2019-04-21,0.03
2019-04-22,0.03
2019-04-23,0.03
2019-04-24,0.03
2019-04-25,0.03
2019-04-26,0.03
2019-04-27,0.03
2019-04-28,0.03
2019-04-29,0.03
2019-04-30,0.03
2019-05-01,0.03
2019-05-02,0.03
2019-05-03,0.03
2019-05-04,0.03
2019-05-05,0.03
2019-05-06,0.03
2019-05-07,0.03
2019-05-08,0.03
2019-05-09,0.03
2019-05-10,0.03
2019-05-11,0.03
2019-05-12,0.03
2019-05-13,0.03
2019-05-14,0.03
2019-05-15,0.03
2019-05-16,0.03
2019-05-17,0.03
2019-05-18,0.03
2019-05-19,0.03
2019-05-20,0.03
2019-05-21,0.03
2019-05-22,0.03
2019-05-23,0.03
2019-05-24,0.03
2019-05-25,0.03
2019-05-26,0.03
2019-05-27,0.03
2019-05-28,0.03
2019-05-29,0.03
2019-05-30,0.03
2019-05-31,0.03
2019-06-01,0.032
2019-06-02,0.032
2019-06-03,0.032
2019-06-04,0.032
2019-06-05,0.032
2019-06-06,0.032
2019-06-07,0.032
2019-06-08,0.032
2019-06-09,0.032
2019-06-10,0.032
2019-06-11,0.032
2019-06-12,0.032
2019-06-13,0.032
2019-06-14,0.032
2019-06-15,0.032
2019-06-16,0.032
2019-06-17,0.032
2019-06-18,0.032
2019-06-19,0.032
2019-06-20,0.032
2019-06-21,0.032
2019-06-22,0.032
2019-06-23,0.032
2019-06-24,0.032
2019-06-25,0.032
2019-06-26,0.032
2019-06-27,0.032
2019-06-28,0.032
2019-06-29,0.032
2019-06-30,0.032
2019-07-01,0.031
2019-07-02,0.031
2019-07-03,0.031
2019-07-04,0.031
2019-07-05,0.031
2019-07-06,0.031
2019-07-07,0.031
2019-07-08,0.031
2019-07-09,0.031
2019-07-10,0.031
2019-07-11,0.031
2019-07-12,0.031
2019-07-13,0.031
2019-07-14,0.031
2019-07-15,0.031
2019-07-16,0.031
2019-07-17,0.031
2019-07-18,0.031
2019-07-19,0.031
2019-07-20,0.031
2019-07-21,0.031
2019-07-22,0.031
2019-07-23,0.031
2019-07-24,0.031
2019-07-25,0.031
2019-07-26,0.031
2019-07-27,0.031
2019-07-28,0.031
2019-07-29,0.031
2019-07-30,0.031
2019-07-31,0.031
2019-08-01,0.033
2019-08-02,0.033
2019-08-03,0.033
2019-08-04,0.033
2019-08-05,0.033
2019-08-06,0.033
2019-08-07,0.033
2019-08-08,0.033
2019-08-09,0.033
2019-08-10,0.033
2019-08-11,0.033
2019-08-12,0.033
2019-08-13,0.033
2019-08-14,0.033
2019-08-15,0.033
2019-08-16,0.033
2019-08-17,0.033
2019-08-18,0.033
2019-08-19,0.033
2019-08-20,0.033
2019-08-21,0.033
2019-08-22,0.033
2019-08-23,0.033
2019-08-24,0.033
2019-08-25,0.033
2019-08-26,0.033
2019-08-27,0.033
2019-08-28,0.033
2019-08-29,0.033
2019-08-30,0.033
2019-08-31,0.033
2019-09-01,0.04
2019-09-02,0.04
2019-09-03,0.04
2019-09-04,0.04
2019-09-05,0.04
2019-09-06,0.04
2019-09-07,0.04
2019-09-08,0.04
2019-09-09,0.04
2019-09-10,0.04
2019-09-11,0.04
2019-09-12,0.04
2019-09-13,0.04
2019-09-14,0.04
2019-09-15,0.04
2019-09-16,0.04
2019-09-17,0.04
2019-09-18,0.04
2019-09-19,0.04
2019-09-20,0.04
2019-09-21,0.04
2019-09-22,0.04
2019-09-23,0.04
2019-09-24,0.04
2019-09-25,0.04
2019-09-26,0.04
2019-09-27,0.04
2019-09-28,0.04
2019-09-29,0.04
2019-09-30,0.04
2019-10-01,0.046
2019-10-02,0.046
2019-10-03,0.046
2019-10-04,0.046
2019-10-05,0.046
2019-10-06,0.046
2019-10-07,0.046
2019-10-08,0.046
2019-10-09,0.046
2019-10-10,0.046
2019-10-11,0.046
2019-10-12,0.046
2019-10-13,0.046
2019-10-14,0.046
2019-10-15,0.046
2019-10-16,0.046
2019-10-17,0.046
2019-10-18,0.046
2019-10-19,0.046
2019-10-20,0.046
2019-10-21,0.046
2019-10-22,0.046
2019-10-23,0.046
2019-10-24,0.046
2019-10-25,0.046
2019-10-26,0.046
2019-10-27,0.046
2019-10-28,0.046
2019-10-29,0.046
2019-10-30,0.046
2019-10-31,0.046
2019-11-01,0.055
2019-11-02,0.055
2019-11-03,0.055
2019-11-04,0.055
2019-11-05,0.055
2019-11-06,0.055
2019-11-07,0.055
2019-11-08,0.055
2019-11-09,0.055
2019-11-10,0.055
2019-11-11,0.055
2019-11-12,0.055
2019-11-13,0.055
2019-11-14,0.055
2019-11-15,0.055
2019-11-16,0.055
2019-11-17,0.055
2019-11-18,0.055
2019-11-19,0.055
2019-11-20,0.055
2019-11-21,0.055
2019-11-22,0.055
2019-11-23,0.055
2019-11-24,0.055
2019-11-25,0.055
2019-11-26,0.055
2019-11-27,0.055
2019-11-28,0.055
2019-11-29,0.055
2019-11-30,0.055
2019-12-01,0.074
2019-12-02,0.074
2019-12-03,0.074
2019-12-04,0.074
2019-12-05,0.074
2019-12-06,0.074
2019-12-07,0.074
2019-12-08,0.074
2019-12-09,0.074
2019-12-10,0.074
2019-12-11,0.074
2019-12-12,0.074
2019-12-13,0.074
2019-12-14,0.074
2019-12-15,0.074
2019-12-16,0.074
2019-12-17,0.074
2019-12-18,0.074
2019-12-19,0.074
2019-12-20,0.074
2019-12-21,0.074
2019-12-22,0.074
2019-12-23,0.074
2019-12-24,0.074
2019-12-25,0.074
2019-12-26,0.074
2019-12-27,0.074
2019-12-28,0.074
2019-12-29,0.074
2019-12-30,0.074
2019-12-31,0.074
2020-01-01,0.076
2020-01-02,0.076
2020-01-03,0.076
2020-01-04,0.076
2020-01-05,0.076
2020-01-06,0.076
2020-01-07,0.076
2020-01-08,0.076
2020-01-09,0.076
2020-01-10,0.076
2020-01-11,0.076
2020-01-12,0.076
2020-01-13,0.076
2020-01-14,0.076
2020-01-15,0.076
2020-01-16,0.076
2020-01-17,0.076
2020-01-18,0.076
2020-01-19,0.076
2020-01-20,0.076
2020-01-21,0.076
2020-01-22,0.076
2020-01-23,0.076
2020-01-24,0.076
2020-01-25,0.076
2020-01-26,0.076
2020-01-27,0.076
2020-01-28,0.076
2020-01-29,0.076
2020-01-30,0.076
2020-01-31,0.076
2020-02-01,0.066
2020-02-02,0.066
2020-02-03,0.066
2020-02-04,0.066
2020-02-05,0.066
2020-02-06,0.066
2020-02-07,0.066
2020-02-08,0.066
2020-02-09,0.066
2020-02-10,0.066
2020-02-11,0.066
2020-02-12,0.066
2020-02-13,0.066
2020-02-14,0.066
2020-02-15,0.066
2020-02-16,0.066
2020-02-17,0.066
2020-02-18,0.066
2020-02-19,0.066
2020-02-20,0.066
2020-02-21,0.066
2020-02-22,0.066
2020-02-23,0.066
2020-02-24,0.066
2020-02-25,0.066
2020-02-26,0.066
2020-02-27,0.066
2020-02-28,0.066
2020-02-29,0.066
2020-03-01,0.058
2020-03-02,0.058
2020-03-03,0.058
2020-03-04,0.058
2020-03-05,0.058
2020-03-06,0.058
2020-03-07,0.058
2020-03-08,0.058
2020-03-09,0.058
2020-03-10,0.058
2020-03-11,0.058
2020-03-12,0.058
2020-03-13,0.058
2020-03-14,0.058
2020-03-15,0.058
2020-03-16,0.058
2020-03-17,0.058
2020-03-18,0.058
2020-03-19,0.058
2020-03-20,0.058
2020-03-21,0.058
2020-03-22,0.058
2020-03-23,0.058
2020-03-24,0.058
2020-03-25,0.058
2020-03-26,0.058
2020-03-27,0.058
2020-03-28,0.058
2020-03-29,0.058
2020-03-30,0.058
2020-03-31,0.058
2020-04-01,0.072
2020-04-02,0.072
2020-04-03,0.072
2020-04-04,0.072
2020-04-05,0.072
2020-04-06,0.072
2020-04-07,0.072
2020-04-08,0.072
2020-04-09,0.072
2020-04-10,0.072
2020-04-11,0.072
2020-04-12,0.072
2020-04-13,0.072
2020-04-14,0.072
2020-04-15,0.072
2020-04-16,0.072
2020-04-17,0.072
2020-04-18,0.072
2020-04-19,0.072
2020-04-20,0.072
2020-04-21,0.072
2020-04-22,0.072
2020-04-23,0.072
2020-04-24,0.072
2020-04-25,0.072
2020-04-26,0.072
2020-04-27,0.072
2020-04-28,0.072
2020-04-29,0.072
2020-04-30,0.072
2020-05-01,0.063
2020-05-02,0.063
2020-05-03,0.063
2020-05-04,0.063
2020-05-05,0.063
2020-05-06,0.063
2020-05-07,0.063
2020-05-08,0.063
2020-05-09,0.063
2020-05-10,0.063
2020-05-11,0.063
2020-05-12,0.063
2020-05-13,0.063
2020-05-14,0.063
2020-05-15,0.063
2020-05-16,0.063
2020-05-17,0.063
2020-05-18,0.063
2020-05-19,0.063
2020-05-20,0.063
2020-05-21,0.063
2020-05-22,0.063
2020-05-23,0.063
2020-05-24,0.063
2020-05-25,0.063
2020-05-26,0.063
2020-05-27,0.063
2020-05-28,0.063
2020-05-29,0.063
2020-05-30,0.063
2020-05-31,0.063
2020-06-01,0.062
2020-06-02,0.062
2020-06-03,0.062
2020-06-04,0.062
2020-06-05,0.062
2020-06-06,0.062
2020-06-07,0.062
2020-06-08,0.062
2020-06-09,0.062
2020-06-10,0.062
2020-06-11,0.062
2020-06-12,0.062
2020-06-13,0.062
2020-06-14,0.062
2020-06-15,0.062
2020-06-16,0.062
2020-06-17,0.062
2020-06-18,0.062
2020-06-19,0.062
2020-06-20,0.062
2020-06-21,0.062
2020-06-22,0.062
2020-06-23,0.062
2020-06-24,0.062
2020-06-25,0.062
2020-06-26,0.062
2020-06-27,0.062
2020-06-28,0.062
2020-06-29,0.062
2020-06-30,0.062
2020-07-01,0.067
2020-07-02,0.067
2020-07-03,0.067
2020-07-04,0.067
2020-07-05,0.067
2020-07-06,0.067
2020-07-07,0.067
2020-07-08,0.067
2020-07-09,0.067
2020-07-10,0.067
2020-07-11,0.067
2020-07-12,0.067
2020-07-13,0.067
2020-07-14,0.067
2020-07-15,0.067
2020-07-16,0.067
2020-07-17,0.067
2020-07-18,0.067
2020-07-19,0.067
2020-07-20,0.067
2020-07-21,0.067
2020-07-22,0.067
2020-07-23,0.067
2020-07-24,0.067
2020-07-25,0.067
2020-07-26,0.067
2020-07-27,0.067
2020-07-28,0.067
2020-07-29,0.067
2020-07-30,0.067
2020-07-31,0.067
2020-08-01,0.067
2020-08-02,0.067
2020-08-03,0.067
2020-08-04,0.067
2020-08-05,0.067
2020-08-06,0.067
2020-08-07,0.067
2020-08-08,0.067
2020-08-09,0.067
2020-08-10,0.067
2020-08-11,0.067
2020-08-12,0.067
2020-08-13,0.067
2020-08-14,0.067
2020-08-15,0.067
2020-08-16,0.067
2020-08-17,0.067
2020-08-18,0.067
2020-08-19,0.067
2020-08-20,0.067
2020-08-21,0.067
2020-08-22,0.067
2020-08-23,0.067
2020-08-24,0.067
2020-08-25,0.067
2020-08-26,0.067
2020-08-27,0.067
2020-08-28,0.067
2020-08-29,0.067
2020-08-30,0.067
2020-08-31,0.067
2020-09-01,0.073
2020-09-02,0.073
2020-09-03,0.073
2020-09-04,0.073
2020-09-05,0.073
2020-09-06,0.073
2020-09-07,0.073
2020-09-08,0.073
2020-09-09,0.073
2020-09-10,0.073
2020-09-11,0.073
2020-09-12,0.073
2020-09-13,0.073
2020-09-14,0.073
2020-09-15,0.073
2020-09-16,0.073
2020-09-17,0.073
2020-09-18,0.073
2020-09-19,0.073
2020-09-20,0.073
2020-09-21,0.073
2020-09-22,0.073
2020-09-23,0.073
2020-09-24,0.073
2020-09-25,0.073
2020-09-26,0.073
2020-09-27,0.073
2020-09-28,0.073
2020-09-29,0.073
2020-09-30,0.073
2020-10-01,0.076
2020-10-02,0.076
2020-10-03,0.076
2020-10-04,0.076
2020-10-05,0.076
2020-10-06,0.076
2020-10-07,0.076
2020-10-08,0.076
2020-10-09,0.076
2020-10-10,0.076
2020-10-11,0.076
2020-10-12,0.076
2020-10-13,0.076
2020-10-14,0.076
2020-10-15,0.076
2020-10-16,0.076
2020-10-17,0.076
2020-10-18,0.076
2020-10-19,0.076
2020-10-20,0.076
2020-10-21,0.076
2020-10-22,0.076
2020-10-23,0.076
2020-10-24,0.076
2020-10-25,0.076
2020-10-26,0.076
2020-10-27,0.076
2020-10-28,0.076
2020-10-29,0.076
2020-10-30,0.076
2020-10-31,0.076
2020-11-01,0.069
2020-11-02,0.069
2020-11-03,0.069
2020-11-04,0.069
2020-11-05,0.069
2020-11-06,0.069
2020-11-07,0.069
2020-11-08,0.069
2020-11-09,0.069
2020-11-10,0.069
2020-11-11,0.069
2020-11-12,0.069
2020-11-13,0.069
2020-11-14,0.069
2020-11-15,0.069
2020-11-16,0.069
2020-11-17,0.069
2020-11-18,0.069
2020-11-19,0.069
2020-11-20,0.069
2020-11-21,0.069
2020-11-22,0.069
2020-11-23,0.069
2020-11-24,0.069
2020-11-25,0.069
2020-11-26,0.069
2020-11-27,0.069
2020-11-28,0.069
2020-11-29,0.069
2020-11-30,0.069
2020-12-01,0.046
2020-12-02,0.046
2020-12-03,0.046
2020-12-04,0.046
2020-12-05,0.046
2020-12-06,0.046
2020-12-07,0.046
2020-12-08,0.046
2020-12-09,0.046
2020-12-10,0.046
2020-12-11,0.046
2020-12-12,0.046
2020-12-13,0.046
2020-12-14,0.046
2020-12-15,0.046
2020-12-16,0.046
2020-12-17,0.046
2020-12-18,0.046
2020-12-19,0.046
2020-12-20,0.046
2020-12-21,0.046
2020-12-22,0.046
2020-12-23,0.046
2020-12-24,0.046
2020-12-25,0.046
2020-12-26,0.046
2020-12-27,0.046
2020-12-28,0.046
2020-12-29,0.046
2020-12-30,0.046
2020-12-31,0.046
2021-01-01,0.041
2021-01-02,0.041
2021-01-03,0.041
2021-01-04,0.041
2021-01-05,0.041
2021-01-06,0.041
2021-01-07,0.041
2021-01-08,0.041
2021-01-09,0.041
2021-01-10,0.041
2021-01-11,0.041
2021-01-12,0.041
2021-01-13,0.041
2021-01-14,0.041
2021-01-15,0.041
2021-01-16,0.041
2021-01-17,0.041
2021-01-18,0.041
2021-01-19,0.041
2021-01-20,0.041
2021-01-21,0.041
2021-01-22,0.041
2021-01-23,0.041
2021-01-24,0.041
2021-01-25,0.041
2021-01-26,0.041
2021-01-27,0.041
2021-01-28,0.041
2021-01-29,0.041
2021-01-30,0.041
2021-01-31,0.041
2021-02-01,0.05
2021-02-02,0.05
2021-02-03,0.05
2021-02-04,0.05
2021-02-05,0.05
2021-02-06,0.05
2021-02-07,0.05
2021-02-08,0.05
2021-02-09,0.05
2021-02-10,0.05
2021-02-11,0.05
2021-02-12,0.05
2021-02-13,0.05
2021-02-14,0.05
2021-02-15,0.05
2021-02-16,0.05
2021-02-17,0.05
2021-02-18,0.05
2021-02-19,0.05
2021-02-20,0.05
2021-02-21,0.05
2021-02-22,0.05
2021-02-23,0.05
2021-02-24,0.05
2021-02-25,0.05
2021-02-26,0.05
2021-02-27,0.05
2021-02-28,0.05
2021-03-01,0.055
2021-03-02,0.055
2021-03-03,0.055
2021-03-04,0.055
2021-03-05,0.055
2021-03-06,0.055
2021-03-07,0.055
2021-03-08,0.055
2021-03-09,0.055
2021-03-10,0.055
2021-03-11,0.055
2021-03-12,0.055
2021-03-13,0.055
2021-03-14,0.055
2021-03-15,0.055
2021-03-16,0.055
2021-03-17,0.055
2021-03-18,0.055
2021-03-19,0.055
2021-03-20,0.055
2021-03-21,0.055
2021-03-22,0.055
2021-03-23,0.055
2021-03-24,0.055
2021-03-25,0.055
2021-03-26,0.055
2021-03-27,0.055
2021-03-28,0.055
2021-03-29,0.055
2021-03-30,0.055
2021-03-31,0.055
2021-04-01,0.042
2021-04-02,0.042
2021-04-03,0.042
2021-04-04,0.042
2021-04-05,0.042
2021-04-06,0.042
2021-04-07,0.042
2021-04-08,0.042
2021-04-09,0.042
2021-04-10,0.042
2021-04-11,0.042
2021-04-12,0.042
2021-04-13,0.042
2021-04-14,0.042
2021-04-15,0.042
2021-04-16,0.042
2021-04-17,0.042
2021-04-18,0.042
2021-04-19,0.042
2021-04-20,0.042
2021-04-21,0.042
2021-04-22,0.042
2021-04-23,0.042
2021-04-24,0.042
2021-04-25,0.042
2021-04-26,0.042
2021-04-27,0.042
2021-04-28,0.042
2021-04-29,0.042
2021-04-30,0.042
2021-05-01,0.063
2021-05-02,0.063
2021-05-03,0.063
2021-05-04,0.063
2021-05-05,0.063
2021-05-06,0.063
2021-05-07,0.063
2021-05-08,0.063
2021-05-09,0.063
2021-05-10,0.063
2021-05-11,0.063
2021-05-12,0.063
2021-05-13,0.063
2021-05-14,0.063
2021-05-15,0.063
2021-05-16,0.063
2021-05-17,0.063
2021-05-18,0.063
2021-05-19,0.063
2021-05-20,0.063
2021-05-21,0.063
2021-05-22,0.063
2021-05-23,0.063
2021-05-24,0.063
2021-05-25,0.063
2021-05-26,0.063
2021-05-27,0.063
2021-05-28,0.063
2021-05-29,0.063
2021-05-30,0.063
2021-05-31,0.063
2021-06-01,0.063
2021-06-02,0.063
2021-06-03,0.063
2021-06-04,0.063
2021-06-05,0.063
2021-06-06,0.063
2021-06-07,0.063
2021-06-08,0.063
2021-06-09,0.063
2021-06-10,0.063
2021-06-11,0.063
2021-06-12,0.063
2021-06-13,0.063
2021-06-14,0.063
2021-06-15,0.063
2021-06-16,0.063
2021-06-17,0.063
2021-06-18,0.063
2021-06-19,0.063
2021-06-20,0.063
2021-06-21,0.063
2021-06-22,0.063
2021-06-23,0.063
2021-06-24,0.063
2021-06-25,0.063
2021-06-26,0.063
2021-06-27,0.063
2021-06-28,0.063
2021-06-29,0.063
2021-06-30,0.063
2021-07-01,0.056
2021-07-02,0.056
2021-07-03,0.056
2021-07-04,0.056
2021-07-05,0.056
2021-07-06,0.056
2021-07-07,0.056
2021-07-08,0.056
2021-07-09,0.056
2021-07-10,0.056
2021-07-11,0.056
2021-07-12,0.056
2021-07-13,0.056
2021-07-14,0.056
2021-07-15,0.056
2021-07-16,0.056
2021-07-17,0.056
2021-07-18,0.056
2021-07-19,0.056
2021-07-20,0.056
2021-07-21,0.056
2021-07-22,0.056
2021-07-23,0.056
2021-07-24,0.056
2021-07-25,0.056
2021-07-26,0.056
2021-07-27,0.056
2021-07-28,0.056
2021-07-29,0.056
2021-07-30,0.056
2021-07-31,0.056
2021-08-01,0.053
2021-08-02,0.053
2021-08-03,0.053
2021-08-04,0.053
2021-08-05,0.053
2021-08-06,0.053
2021-08-07,0.053
2021-08-08,0.053
2021-08-09,0.053
2021-08-10,0.053
2021-08-11,0.053
2021-08-12,0.053
2021-08-13,0.053
2021-08-14,0.053
2021-08-15,0.053
2021-08-16,0.053
2021-08-17,0.053
2021-08-18,0.053
2021-08-19,0.053
2021-08-20,0.053
2021-08-21,0.053
2021-08-22,0.053
2021-08-23,0.053
2021-08-24,0.053
2021-08-25,0.053
2021-08-26,0.053
2021-08-27,0.053
2021-08-28,0.053
2021-08-29,0.053
2021-08-30,0.053
2021-08-31,0.053
2021-09-01,0.043
2021-09-02,0.043
2021-09-03,0.043
2021-09-04,0.043
2021-09-05,0.043
2021-09-06,0.043
2021-09-07,0.043
2021-09-08,0.043
2021-09-09,0.043
2021-09-10,0.043
2021-09-11,0.043
2021-09-12,0.043
2021-09-13,0.043
2021-09-14,0.043
2021-09-15,0.043
2021-09-16,0.043
2021-09-17,0.043
2021-09-18,0.043
2021-09-19,0.043
2021-09-20,0.043
2021-09-21,0.043
2021-09-22,0.043
2021-09-23,0.043
2021-09-24,0.043
2021-09-25,0.043
2021-09-26,0.043
2021-09-27,0.043
2021-09-28,0.043
2021-09-29,0.043
2021-09-30,0.043
2021-10-01,0.045
2021-10-02,0.045
2021-10-03,0.045
2021-10-04,0.045
2021-10-05,0.045
2021-10-06,0.045
2021-10-07,0.045
2021-10-08,0.045
2021-10-09,0.045
2021-10-10,0.045
2021-10-11,0.045
2021-10-12,0.045
2021-10-13,0.045
2021-10-14,0.045
2021-10-15,0.045
2021-10-16,0.045
2021-10-17,0.045
2021-10-18,0.045
2021-10-19,0.045
2021-10-20,0.045
2021-10-21,0.045
2021-10-22,0.045
2021-10-23,0.045
2021-10-24,0.045
2021-10-25,0.045
2021-10-26,0.045
2021-10-27,0.045
2021-10-28,0.045
2021-10-29,0.045
2021-10-30,0.045
2021-10-31,0.045
2021-11-01,0.049
2021-11-02,0.049
2021-11-03,0.049
2021-11-04,0.049
2021-11-05,0.049
2021-11-06,0.049
2021-11-07,0.049
2021-11-08,0.049
2021-11-09,0.049
2021-11-10,0.049
2021-11-11,0.049
2021-11-12,0.049
2021-11-13,0.049
2021-11-14,0.049
2021-11-15,0.049
2021-11-16,0.049
2021-11-17,0.049
2021-11-18,0.049
2021-11-19,0.049
2021-11-20,0.049
2021-11-21,0.049
2021-11-22,0.049
2021-11-23,0.049
2021-11-24,0.049
2021-11-25,0.049
2021-11-26,0.049
2021-11-27,0.049
2021-11-28,0.049
2021-11-29,0.049
2021-11-30,0.049
2021-12-01,0.057
2021-12-02,0.057
2021-12-03,0.057
2021-12-04,0.057
2021-12-05,0.057
2021-12-06,0.057
2021-12-07,0.057
2021-12-08,0.057
2021-12-09,0.057
2021-12-10,0.057
2021-12-11,0.057
2021-12-12,0.057
2021-12-13,0.057
2021-12-14,0.057
2021-12-15,0.057
2021-12-16,0.057
2021-12-17,0.057
2021-12-18,0.057
2021-12-19,0.057
2021-12-20,0.057
2021-12-21,0.057
2021-12-22,0.057
2021-12-23,0.057
2021-12-24,0.057
2021-12-25,0.057
2021-12-26,0.057
2021-12-27,0.057
2021-12-28,0.057
2021-12-29,0.057
2021-12-30,0.057
2021-12-31,0.057
2022-01-01,0.06
2022-01-02,0.06
2022-01-03,0.06
2022-01-04,0.06
2022-01-05,0.06
2022-01-06,0.06
2022-01-07,0.06
2022-01-08,0.06
2022-01-09,0.06
2022-01-10,0.06
2022-01-11,0.06
2022-01-12,0.06
2022-01-13,0.06
2022-01-14,0.06
2022-01-15,0.06
2022-01-16,0.06
2022-01-17,0.06
2022-01-18,0.06
2022-01-19,0.06
2022-01-20,0.06
2022-01-21,0.06
2022-01-22,0.06
2022-01-23,0.06
2022-01-24,0.06
2022-01-25,0.06
2022-01-26,0.06
2022-01-27,0.06
2022-01-28,0.06
2022-01-29,0.06
2022-01-30,0.06
2022-01-31,0.06
2022-02-01,0.061
2022-02-02,0.061
2022-02-03,0.061
2022-02-04,0.061
2022-02-05,0.061
2022-02-06,0.061
2022-02-07,0.061
2022-02-08,0.061
2022-02-09,0.061
2022-02-10,0.061
2022-02-11,0.061
2022-02-12,0.061
2022-02-13,0.061
2022-02-14,0.061
2022-02-15,0.061
2022-02-16,0.061
2022-02-17,0.061
2022-02-18,0.061
2022-02-19,0.061
2022-02-20,0.061
2022-02-21,0.061
2022-02-22,0.061
2022-02-23,0.061
2022-02-24,0.061
2022-02-25,0.061
2022-02-26,0.061
2022-02-27,0.061
2022-02-28,0.061
2022-03-01,0.07
2022-03-02,0.07
2022-03-03,0.07
2022-03-04,0.07
2022-03-05,0.07
2022-03-06,0.07
2022-03-07,0.07
2022-03-08,0.07
2022-03-09,0.07
2022-03-10,0.07
2022-03-11,0.07
2022-03-12,0.07
2022-03-13,0.07
2022-03-14,0.07
2022-03-15,0.07
2022-03-16,0.07
2022-03-17,0.07
2022-03-18,0.07
2022-03-19,0.07
2022-03-20,0.07
2022-03-21,0.07
2022-03-22,0.07
2022-03-23,0.07
2022-03-24,0.07
2022-03-25,0.07
2022-03-26,0.07
2022-03-27,0.07
2022-03-28,0.07
2022-03-29,0.07
2022-03-30,0.07
2022-03-31,0.07
2022-04-01,0.078
2022-04-02,0.078
2022-04-03,0.078
2022-04-04,0.078
2022-04-05,0.078
2022-04-06,0.078
2022-04-07,0.078
2022-04-08,0.078
2022-04-09,0.078
2022-04-10,0.078
2022-04-11,0.078
2022-04-12,0.078
2022-04-13,0.078
2022-04-14,0.078
2022-04-15,0.078
2022-04-16,0.078
2022-04-17,0.078
2022-04-18,0.078
2022-04-19,0.078
2022-04-20,0.078
2022-04-21,0.078
2022-04-22,0.078
2022-04-23,0.078
2022-04-24,0.078
2022-04-25,0.078
2022-04-26,0.078
2022-04-27,0.078
2022-04-28,0.078
2022-04-29,0.078
2022-04-30,0.078
2022-05-01,0.07
2022-05-02,0.07
2022-05-03,0.07
2022-05-04,0.07
2022-05-05,0.07
2022-05-06,0.07
2022-05-07,0.07
2022-05-08,0.07
2022-05-09,0.07
2022-05-10,0.07
2022-05-11,0.07
2022-05-12,0.07
2022-05-13,0.07
2022-05-14,0.07
2022-05-15,0.07
2022-05-16,0.07
2022-05-17,0.07
2022-05-18,0.07
2022-05-19,0.07
2022-05-20,0.07
2022-05-21,0.07
2022-05-22,0.07
2022-05-23,0.07
2022-05-24,0.07
2022-05-25,0.07
2022-05-26,0.07
2022-05-27,0.07
2022-05-28,0.07
2022-05-29,0.07
2022-05-30,0.07
2022-05-31,0.07
2022-06-01,0.07
2022-06-02,0.07
2022-06-03,0.07
2022-06-04,0.07
2022-06-05,0.07
2022-06-06,0.07
2022-06-07,0.07
2022-06-08,0.07
2022-06-09,0.07
2022-06-10,0.07
2022-06-11,0.07
2022-06-12,0.07
2022-06-13,0.07
2022-06-14,0.07
2022-06-15,0.07
2022-06-16,0.07
2022-06-17,0.07
2022-06-18,0.07
2022-06-19,0.07
2022-06-20,0.07
2022-06-21,0.07
2022-06-22,0.07
2022-06-23,0.07
2022-06-24,0.07
2022-06-25,0.07
2022-06-26,0.07
2022-06-27,0.07
2022-06-28,0.07
2022-06-29,0.07
2022-06-30,0.07
2022-07-01,0.067
2022-07-02,0.067
2022-07-03,0.067
2022-07-04,0.067
2022-07-05,0.067
2022-07-06,0.067
2022-07-07,0.067
2022-07-08,0.067
2022-07-09,0.067
2022-07-10,0.067
2022-07-11,0.067
2022-07-12,0.067
2022-07-13,0.067
2022-07-14,0.067
2022-07-15,0.067
2022-07-16,0.067
2022-07-17,0.067
2022-07-18,0.067
2022-07-19,0.067
2022-07-20,0.067
2022-07-21,0.067
2022-07-22,0.067
2022-07-23,0.067
2022-07-24,0.067
2022-07-25,0.067
2022-07-26,0.067
2022-07-27,0.067
2022-07-28,0.067
2022-07-29,0.067
2022-07-30,0.067
2022-07-31,0.067
2022-08-01,0.07
2022-08-02,0.07
2022-08-03,0.07
2022-08-04,0.07
2022-08-05,0.07
2022-08-06,0.07
2022-08-07,0.07
2022-08-08,0.07
2022-08-09,0.07
2022-08-10,0.07
2022-08-11,0.07
2022-08-12,0.07
2022-08-13,0.07
2022-08-14,0.07
2022-08-15,0.07
2022-08-16,0.07
2022-08-17,0.07
2022-08-18,0.07
2022-08-19,0.07
2022-08-20,0.07
2022-08-21,0.07
2022-08-22,0.07
2022-08-23,0.07
2022-08-24,0.07
2022-08-25,0.07
2022-08-26,0.07
2022-08-27,0.07
2022-08-28,0.07
2022-08-29,0.07
2022-08-30,0.07
2022-08-31,0.07
2022-09-01,0.074
2022-09-02,0.074
2022-09-03,0.074
2022-09-04,0.074
2022-09-05,0.074
2022-09-06,0.074
2022-09-07,0.074
2022-09-08,0.074
2022-09-09,0.074
2022-09-10,0.074
2022-09-11,0.074
2022-09-12,0.074
2022-09-13,0.074
2022-09-14,0.074
2022-09-15,0.074
2022-09-16,0.074
2022-09-17,0.074
2022-09-18,0.074
2022-09-19,0.074
2022-09-20,0.074
2022-09-21,0.074
2022-09-22,0.074
2022-09-23,0.074
2022-09-24,0.074
2022-09-25,0.074
2022-09-26,0.074
2022-09-27,0.074
2022-09-28,0.074
2022-09-29,0.074
2022-09-30,0.074
2022-10-01,0.068
2022-10-02,0.068
2022-10-03,0.068
2022-10-04,0.068
2022-10-05,0.068
2022-10-06,0.068
2022-10-07,0.068
2022-10-08,0.068
2022-10-09,0.068
2022-10-10,0.068
2022-10-11,0.068
2022-10-12,0.068
2022-10-13,0.068
2022-10-14,0.068
2022-10-15,0.068
2022-10-16,0.068
2022-10-17,0.068
2022-10-18,0.068
2022-10-19,0.068
2022-10-20,0.068
2022-10-21,0.068
2022-10-22,0.068
2022-10-23,0.068
2022-10-24,0.068
2022-10-25,0.068
2022-10-26,0.068
2022-10-27,0.068
2022-10-28,0.068
2022-10-29,0.068
2022-10-30,0.068
2022-10-31,0.068
2022-11-01,0.059
2022-11-02,0.059
2022-11-03,0.059
2022-11-04,0.059
2022-11-05,0.059
2022-11-06,0.059
2022-11-07,0.059
2022-11-08,0.059
2022-11-09,0.059
2022-11-10,0.059
2022-11-11,0.059
2022-11-12,0.059
2022-11-13,0.059
2022-11-14,0.059
2022-11-15,0.059
2022-11-16,0.059
2022-11-17,0.059
2022-11-18,0.059
2022-11-19,0.059
2022-11-20,0.059
2022-11-21,0.059
2022-11-22,0.059
2022-11-23,0.059
2022-11-24,0.059
2022-11-25,0.059
2022-11-26,0.059
2022-11-27,0.059
2022-11-28,0.059
2022-11-29,0.059
2022-11-30,0.059
2022-12-01,0.057
2022-12-02,0.057
2022-12-03,0.057
2022-12-04,0.057
2022-12-05,0.057
2022-12-06,0.057
2022-12-07,0.057
2022-12-08,0.057
2022-12-09,0.057
2022-12-10,0.057
2022-12-11,0.057
2022-12-12,0.057
2022-12-13,0.057
2022-12-14,0.057
2022-12-15,0.057
2022-12-16,0.057
2022-12-17,0.057
2022-12-18,0.057
2022-12-19,0.057
2022-12-20,0.057
2022-12-21,0.057
2022-12-22,0.057
2022-12-23,0.057
2022-12-24,0.057
2022-12-25,0.057
2022-12-26,0.057
2022-12-27,0.057
2022-12-28,0.057
2022-12-29,0.057
2022-12-30,0.057
2022-12-31,0.057
2023-01-01,0.065
2023-01-02,0.065
2023-01-03,0.065
2023-01-04,0.065
2023-01-05,0.065
2023-01-06,0.065
2023-01-07,0.065
2023-01-08,0.065
2023-01-09,0.065
2023-01-10,0.065
2023-01-11,0.065
2023-01-12,0.065
2023-01-13,0.065
2023-01-14,0.065
2023-01-15,0.065
2023-01-16,0.065
2023-01-17,0.065
2023-01-18,0.065
2023-01-19,0.065
2023-01-20,0.065
2023-01-21,0.065
2023-01-22,0.065
2023-01-23,0.065
2023-01-24,0.065
2023-01-25,0.065
2023-01-26,0.065
2023-01-27,0.065
2023-01-28,0.065
2023-01-29,0.065
2023-01-30,0.065
2023-01-31,0.065
2023-02-01,0.064
2023-02-02,0.064
2023-02-03,0.064
2023-02-04,0.064
2023-02-05,0.064
2023-02-06,0.064
2023-02-07,0.064
2023-02-08,0.064
2023-02-09,0.064
2023-02-10,0.064
2023-02-11,0.064
2023-02-12,0.064
2023-02-13,0.064
2023-02-14,0.064
2023-02-15,0.064
2023-02-16,0.064
2023-02-17,0.064
2023-02-18,0.064
2023-02-19,0.064
2023-02-20,0.064
2023-02-21,0.064
2023-02-22,0.064
2023-02-23,0.064
2023-02-24,0.064
2023-02-25,0.064
2023-02-26,0.064
2023-02-27,0.064
2023-02-28,0.064
2023-03-01,0.057
2023-03-02,0.057
2023-03-03,0.057
2023-03-04,0.057
2023-03-05,0.057
2023-03-06,0.057
2023-03-07,0.057
2023-03-08,0.057
2023-03-09,0.057
2023-03-10,0.057
2023-03-11,0.057
2023-03-12,0.057
2023-03-13,0.057
2023-03-14,0.057
2023-03-15,0.057
2023-03-16,0.057
2023-03-17,0.057
2023-03-18,0.057
2023-03-19,0.057
2023-03-20,0.057
2023-03-21,0.057
2023-03-22,0.057
2023-03-23,0.057
2023-03-24,0.057
2023-03-25,0.057
2023-03-26,0.057
2023-03-27,0.057
2023-03-28,0.057
2023-03-29,0.057
2023-03-30,0.057
2023-03-31,0.057
2023-04-01,0.047
2023-04-02,0.047
2023-04-03,0.047
2023-04-04,0.047
2023-04-05,0.047
2023-04-06,0.047
2023-04-07,0.047
2023-04-08,0.047
2023-04-09,0.047
2023-04-10,0.047
2023-04-11,0.047
2023-04-12,0.047
2023-04-13,0.047
2023-04-14,0.047
2023-04-15,0.047
2023-04-16,0.047
2023-04-17,0.047
2023-04-18,0.047
2023-04-19,0.047
2023-04-20,0.047
2023-04-21,0.047
2023-04-22,0.047
2023-04-23,0.047
2023-04-24,0.047
2023-04-25,0.047
2023-04-26,0.047
2023-04-27,0.047
2023-04-28,0.047
2023-04-29,0.047
2023-04-30,0.047
2023-05-01,0.043
2023-05-02,0.043
2023-05-03,0.043
2023-05-04,0.043
2023-05-05,0.043
2023-05-06,0.043
2023-05-07,0.043
2023-05-08,0.043
2023-05-09,0.043
2023-05-10,0.043
2023-05-11,0.043
2023-05-12,0.043
2023-05-13,0.043
2023-05-14,0.043
